title,url,date,adults_surveyed,results,agg_results_pct,category,description,statement
Would you support or oppose the construction of a nuclear power station in your local area?,https://yougov.co.uk/topics/consumer/survey-results/daily/2025/02/05/0a04a/3,Conducted 5 February 2025,4875,"{'Strongly support': {'All': 11, 'Con': 14, 'Lab': 10, 'Lib Dem': 11, 'Reform': 20}, 'Somewhat support': {'All': 24, 'Con': 29, 'Lab': 26, 'Lib Dem': 23, 'Reform': 25}, 'Somewhat oppose': {'All': 18, 'Con': 18, 'Lab': 18, 'Lib Dem': 23, 'Reform': 12}, 'Strongly oppose': {'All': 28, 'Con': 23, 'Lab': 28, 'Lib Dem': 27, 'Reform': 25}, ""Don't know"": {'All': 19, 'Con': 16, 'Lab': 18, 'Lib Dem': 16, 'Reform': 17}}","{'All': {'support': 35, 'oppose': 46}, 'Con': {'support': 43, 'oppose': 41}, 'Lab': {'support': 36, 'oppose': 46}, 'Lib Dem': {'support': 34, 'oppose': 50}, 'Reform': {'support': 45, 'oppose': 37}}",Energy,Nuclear power plants,The U.K. SHOULD allow the construction of nuclear power stations in local communities across the country.
"Would you support or oppose a ban on the possession, manufacture, import and sale of ninja swords in the UK?",https://yougov.co.uk/topics/politics/survey-results/daily/2025/03/28/0d73a/1,Conducted 28 March 2025,5920,"{'Strongly support': {'All': 58, 'Con': 71, 'Lab': 61, 'Lib Dem': 65, 'Reform': 63}, 'Somewhat support': {'All': 13, 'Con': 9, 'Lab': 13, 'Lib Dem': 13, 'Reform': 8}, 'Somewhat oppose': {'All': 7, 'Con': 4, 'Lab': 6, 'Lib Dem': 7, 'Reform': 12}, 'Strongly oppose': {'All': 13, 'Con': 14, 'Lab': 12, 'Lib Dem': 9, 'Reform': 12}, 'Don’t know': {'All': 9, 'Con': 3, 'Lab': 7, 'Lib Dem': 5, 'Reform': 6}}","{'All': {'support': 71, 'oppose': 20}, 'Con': {'support': 80, 'oppose': 18}, 'Lab': {'support': 74, 'oppose': 18}, 'Lib Dem': {'support': 78, 'oppose': 16}, 'Reform': {'support': 71, 'oppose': 24}}",Legal,Ban on ninja swords,"The U.K. SHOULD ban the possession, manufacture, import and sale of ninja swords."
Would you support or oppose allowing Ukraine to build nuclear weapons?,https://yougov.co.uk/topics/international/survey-results/daily/2024/11/14/21ac5/2,Conducted 14 November 2024,5169,"{'Strongly support': {'All': 6, 'Con': 7, 'Lab': 6, 'Lib Dem': 4, 'Reform': 8}, 'Somewhat support': {'All': 12, 'Con': 14, 'Lab': 13, 'Lib Dem': 13, 'Reform': 10}, 'Somewhat oppose': {'All': 24, 'Con': 27, 'Lab': 23, 'Lib Dem': 23, 'Reform': 22}, 'Strongly oppose': {'All': 38, 'Con': 31, 'Lab': 40, 'Lib Dem': 39, 'Reform': 44}, ""Don't know"": {'All': 21, 'Con': 21, 'Lab': 18, 'Lib Dem': 21, 'Reform': 16}}","{'All': {'support': 18, 'oppose': 62}, 'Con': {'support': 21, 'oppose': 58}, 'Lab': {'support': 19, 'oppose': 63}, 'Lib Dem': {'support': 17, 'oppose': 62}, 'Reform': {'support': 18, 'oppose': 66}}",Defence,Ukraine's nuclear weapons capability,The U.K. SHOULD support Ukraine's right to build nuclear weapons.
Would you support or oppose greater cooperation between the UK and the EU on issues of defence and security?,https://yougov.co.uk/topics/international/survey-results/daily/2025/02/03/8ae3f/3,Conducted 3 February 2025,3984,"{'Strongly support': {'All': 42, 'Con': 28, 'Lab': 60, 'Lib Dem': 66, 'Reform': 17}, 'Somewhat support': {'All': 30, 'Con': 40, 'Lab': 25, 'Lib Dem': 24, 'Reform': 34}, 'Somewhat oppose': {'All': 6, 'Con': 8, 'Lab': 2, 'Lib Dem': 2, 'Reform': 16}, 'Strongly oppose': {'All': 6, 'Con': 10, 'Lab': 2, 'Lib Dem': 1, 'Reform': 22}, ""Don't know"": {'All': 16, 'Con': 14, 'Lab': 11, 'Lib Dem': 7, 'Reform': 12}}","{'All': {'support': 72, 'oppose': 12}, 'Con': {'support': 68, 'oppose': 18}, 'Lab': {'support': 85, 'oppose': 4}, 'Lib Dem': {'support': 90, 'oppose': 3}, 'Reform': {'support': 51, 'oppose': 38}}",Defence,UK-EU defence and security cooperation,The U.K. SHOULD pursue greater cooperation with the European Union on issues of defence and security.
Would you support or oppose tax increases on people like you to pay for an increase in defence spending?,https://yougov.co.uk/topics/politics/survey-results/daily/2025/02/17/1e158/2,Conducted 17 February 2025,7300,"{'Strongly support': {'All': 6, 'Con': 7, 'Lab': 7, 'Lib Dem': 9, 'Reform': 7}, 'Somewhat support': {'All': 24, 'Con': 33, 'Lab': 27, 'Lib Dem': 26, 'Reform': 19}, 'Somewhat oppose': {'All': 25, 'Con': 27, 'Lab': 27, 'Lib Dem': 28, 'Reform': 25}, 'Strongly oppose': {'All': 30, 'Con': 22, 'Lab': 24, 'Lib Dem': 22, 'Reform': 39}, ""Don't know"": {'All': 15, 'Con': 11, 'Lab': 15, 'Lib Dem': 16, 'Reform': 11}}","{'All': {'support': 30, 'oppose': 55}, 'Con': {'support': 40, 'oppose': 49}, 'Lab': {'support': 34, 'oppose': 51}, 'Lib Dem': {'support': 35, 'oppose': 50}, 'Reform': {'support': 26, 'oppose': 64}}",Taxation/Defence,Tax increases for defence spending,The U.K. SHOULD increase taxes on ordinary citizens to fund higher defense spending.
Would you support or oppose a ban on new oil and gas developments in Britain's North Sea territory?,https://yougov.co.uk/topics/consumer/survey-results/daily/2025/02/04/01be8/2,Conducted 4 February 2025,4505,"{'Strongly support': {'All': 19, 'Con': 16, 'Lab': 20, 'Lib Dem': 22, 'Reform': 25}, 'Somewhat support': {'All': 20, 'Con': 21, 'Lab': 26, 'Lib Dem': 22, 'Reform': 17}, 'Somewhat oppose': {'All': 16, 'Con': 20, 'Lab': 19, 'Lib Dem': 16, 'Reform': 9}, 'Strongly oppose': {'All': 17, 'Con': 24, 'Lab': 11, 'Lib Dem': 15, 'Reform': 35}, ""Don't know"": {'All': 27, 'Con': 19, 'Lab': 23, 'Lib Dem': 24, 'Reform': 13}}","{'All': {'support': 39, 'oppose': 33}, 'Con': {'support': 37, 'oppose': 44}, 'Lab': {'support': 46, 'oppose': 30}, 'Lib Dem': {'support': 44, 'oppose': 31}, 'Reform': {'support': 42, 'oppose': 44}}",Energy,North Sea oil and gas development,The U.K. SHOULD ban new oil and gas developments in Britain's North Sea territory.
To what extent do you support or oppose the government's commitment to cutting carbon emissions to net zero by 2050?,https://yougov.co.uk/topics/politics/survey-results/daily/2025/03/18/c4b0f/1,Conducted 18 March 2025,5824,"{'Strongly support': {'All': 28, 'Con': 15, 'Lab': 41, 'Lib Dem': 43, 'Reform': 5}, 'Somewhat support': {'All': 33, 'Con': 37, 'Lab': 38, 'Lib Dem': 37, 'Reform': 21}, 'Somewhat oppose': {'All': 12, 'Con': 19, 'Lab': 7, 'Lib Dem': 5, 'Reform': 17}, 'Strongly oppose': {'All': 12, 'Con': 19, 'Lab': 4, 'Lib Dem': 5, 'Reform': 41}, 'Don’t know': {'All': 15, 'Con': 11, 'Lab': 11, 'Lib Dem': 11, 'Reform': 15}}","{'All': {'support': 61, 'oppose': 24}, 'Con': {'support': 52, 'oppose': 38}, 'Lab': {'support': 79, 'oppose': 11}, 'Lib Dem': {'support': 80, 'oppose': 10}, 'Reform': {'support': 26, 'oppose': 58}}",Environment,Net zero carbon emissions target,The U.K. SHOULD maintain its commitment to cutting carbon emissions to net zero by 2050.
"Do you support or oppose winter fuel payments to pensioners being means tested, so they only go to those on pension credit or other means-tested benefits?",https://yougov.co.uk/topics/politics/survey-results/daily/2025/05/08/f6d63/1,Conducted 8 May 2025,4670,"{'Strongly support': {'All': 18, 'Con': 14, 'Lab': 26, 'Lib Dem': 18, 'Reform': 15}, 'Tend to support': {'All': 29, 'Con': 26, 'Lab': 34, 'Lib Dem': 37, 'Reform': 23}, 'Tend to oppose': {'All': 17, 'Con': 19, 'Lab': 14, 'Lib Dem': 16, 'Reform': 16}, 'Strongly oppose': {'All': 22, 'Con': 34, 'Lab': 15, 'Lib Dem': 17, 'Reform': 39}, 'Don’t know': {'All': 15, 'Con': 8, 'Lab': 11, 'Lib Dem': 12, 'Reform': 7}}","{'All': {'support': 18, 'oppose': 22}, 'Con': {'support': 14, 'oppose': 34}, 'Lab': {'support': 26, 'oppose': 15}, 'Lib Dem': {'support': 18, 'oppose': 17}, 'Reform': {'support': 15, 'oppose': 39}}",Welfare,Means-testing winter fuel payments for pensioners,"The U.K. SHOULD introduce means-testing for winter fuel payments to pensioners, so they only go to those on pension credit or other means-tested benefits."
Would you support or oppose the NHS providing weight-loss jabs on prescription from high-street pharmacies without needing to see a doctor?,https://yougov.co.uk/topics/health/survey-results/daily/2025/05/02/52c7c/2,Conducted 2 May 2025,4282,"{'Strongly support': {'All': 11, 'Con': 10, 'Lab': 12, 'Lib Dem': 10, 'Reform': 15}, 'Somewhat support': {'All': 26, 'Con': 27, 'Lab': 29, 'Lib Dem': 25, 'Reform': 25}, 'Somewhat oppose': {'All': 24, 'Con': 24, 'Lab': 25, 'Lib Dem': 28, 'Reform': 20}, 'Strongly oppose': {'All': 24, 'Con': 27, 'Lab': 20, 'Lib Dem': 22, 'Reform': 30}, ""Don't know"": {'All': 14, 'Con': 12, 'Lab': 14, 'Lib Dem': 14, 'Reform': 10}}","{'All': {'support': 37, 'oppose': 48}, 'Con': {'support': 37, 'oppose': 51}, 'Lab': {'support': 41, 'oppose': 45}, 'Lib Dem': {'support': 35, 'oppose': 50}, 'Reform': {'support': 40, 'oppose': 50}}",Health,NHS weight-loss medication access,The U.K. SHOULD allow the NHS to provide weight-loss jabs on prescription from high-street pharmacies without requiring patients to see a doctor first.
"From what you have seen and heard, do you support or oppose Ukraine signing a deal with the United States to share future profits from the sale of Ukraine's natural mineral and energy resources?",https://yougov.co.uk/topics/politics/survey-results/daily/2025/05/01/af98f/1,Conducted 1 May 2025,4568,"{'Strongly support': {'All': 5, 'Con': 9, 'Lab': 4, 'Lib Dem': 3, 'Reform': 13}, 'Somewhat support': {'All': 23, 'Con': 36, 'Lab': 22, 'Lib Dem': 27, 'Reform': 29}, 'Somewhat oppose': {'All': 20, 'Con': 21, 'Lab': 22, 'Lib Dem': 24, 'Reform': 16}, 'Strongly oppose': {'All': 15, 'Con': 9, 'Lab': 19, 'Lib Dem': 17, 'Reform': 9}, ""Don't know"": {'All': 18, 'Con': 16, 'Lab': 18, 'Lib Dem': 16, 'Reform': 20}, 'N/A: I have not heard anything about this': {'All': 19, 'Con': 9, 'Lab': 16, 'Lib Dem': 14, 'Reform': 14}}","{'All': {'support': 28, 'oppose': 35}, 'Con': {'support': 45, 'oppose': 30}, 'Lab': {'support': 26, 'oppose': 41}, 'Lib Dem': {'support': 30, 'oppose': 41}, 'Reform': {'support': 42, 'oppose': 25}}",International Relations,Ukraine-US resource sharing agreement,The U.K. SHOULD support Ukraine signing a deal with the United States to share future profits from the sale of Ukraine's natural mineral and energy resources.
Would you support or oppose the government nationalising British Steel?,https://yougov.co.uk/topics/politics/survey-results/daily/2025/04/11/e7dec/1,Conducted 11 April 2025,5046,"{'Strongly support': {'All': 28, 'Con': 28, 'Lab': 37, 'Lib Dem': 33, 'Reform': 36}, 'Somewhat support': {'All': 29, 'Con': 35, 'Lab': 32, 'Lib Dem': 32, 'Reform': 31}, 'Somewhat oppose': {'All': 5, 'Con': 8, 'Lab': 4, 'Lib Dem': 4, 'Reform': 5}, 'Strongly oppose': {'All': 4, 'Con': 7, 'Lab': 1, 'Lib Dem': 1, 'Reform': 6}, ""Don't know"": {'All': 33, 'Con': 22, 'Lab': 25, 'Lib Dem': 30, 'Reform': 23}}","{'All': {'support': 57, 'oppose': 9}, 'Con': {'support': 63, 'oppose': 15}, 'Lab': {'support': 69, 'oppose': 5}, 'Lib Dem': {'support': 65, 'oppose': 5}, 'Reform': {'support': 67, 'oppose': 11}}",Economy,Nationalisation of British Steel,"The U.K. SHOULD nationalize British Steel, bringing it under government ownership and control."
Would you support or oppose the United States becoming an associate member of the Commonwealth?,https://yougov.co.uk/topics/international/survey-results/daily/2025/04/01/49d2e/3,Conducted 1 April 2025,5001,"{'Strongly support': {'All': 5, 'Con': 6, 'Lab': 4, 'Lib Dem': 2, 'Reform': 20}, 'Somewhat support': {'All': 12, 'Con': 17, 'Lab': 11, 'Lib Dem': 7, 'Reform': 17}, 'Somewhat oppose': {'All': 15, 'Con': 15, 'Lab': 15, 'Lib Dem': 20, 'Reform': 13}, 'Strongly oppose': {'All': 35, 'Con': 35, 'Lab': 42, 'Lib Dem': 46, 'Reform': 20}, ""Don't know"": {'All': 32, 'Con': 28, 'Lab': 27, 'Lib Dem': 25, 'Reform': 30}}","{'All': {'support': 17, 'oppose': 50}, 'Con': {'support': 23, 'oppose': 50}, 'Lab': {'support': 15, 'oppose': 57}, 'Lib Dem': {'support': 9, 'oppose': 66}, 'Reform': {'support': 37, 'oppose': 33}}",International Relations,US membership in the Commonwealth,The U.K. SHOULD support the United States becoming an associate member of the Commonwealth.
Would you support or oppose the UK signing a defence and security partnership with the EU?,https://yougov.co.uk/topics/politics/survey-results/daily/2025/03/20/16d9e/1,Conducted 20 March 2025,3551,"{'Strongly support': {'All': 36, 'Con': 31, 'Lab': 52, 'Lib Dem': 53, 'Reform': 16}, 'Somewhat support': {'All': 33, 'Con': 39, 'Lab': 31, 'Lib Dem': 28, 'Reform': 30}, 'Somewhat oppose': {'All': 5, 'Con': 6, 'Lab': 2, 'Lib Dem': 2, 'Reform': 11}, 'Strongly oppose': {'All': 5, 'Con': 6, 'Lab': 1, 'Lib Dem': 1, 'Reform': 22}, 'Don’t know': {'All': 22, 'Con': 18, 'Lab': 14, 'Lib Dem': 16, 'Reform': 21}}","{'All': {'support': 69, 'oppose': 10}, 'Con': {'support': 70, 'oppose': 12}, 'Lab': {'support': 83, 'oppose': 3}, 'Lib Dem': {'support': 81, 'oppose': 3}, 'Reform': {'support': 46, 'oppose': 33}}",Defence,UK-EU defence partnership,The U.K. SHOULD sign a defence and security partnership with the European Union.
Would you support or oppose the creation of a European army that included the United Kingdom?,https://yougov.co.uk/topics/politics/survey-results/daily/2025/02/17/1e158/1,Conducted 17 February 2025,7300,"{'Strongly support': {'All': 15, 'Con': 14, 'Lab': 20, 'Lib Dem': 19, 'Reform': 8}, 'Somewhat support': {'All': 31, 'Con': 33, 'Lab': 38, 'Lib Dem': 40, 'Reform': 20}, 'Somewhat oppose': {'All': 13, 'Con': 17, 'Lab': 10, 'Lib Dem': 10, 'Reform': 15}, 'Strongly oppose': {'All': 15, 'Con': 18, 'Lab': 7, 'Lib Dem': 6, 'Reform': 39}, ""Don't know"": {'All': 26, 'Con': 18, 'Lab': 26, 'Lib Dem': 25, 'Reform': 19}}","{'All': {'support': 46, 'oppose': 28}, 'Con': {'support': 47, 'oppose': 35}, 'Lab': {'support': 58, 'oppose': 17}, 'Lib Dem': {'support': 59, 'oppose': 16}, 'Reform': {'support': 28, 'oppose': 54}}",Defence,European army including the UK,The U.K. SHOULD participate in the creation of a European army that would include British forces.
"From what you have seen and heard, do you support or oppose the government's decision to nationalise British Steel?",https://yougov.co.uk/topics/politics/survey-results/daily/2025/04/14/d57f5/1,Conducted 14 April 2025,7769,"{'Strongly support': {'All': 28, 'Con': 25, 'Lab': 36, 'Lib Dem': 31, 'Reform': 34}, 'Somewhat support': {'All': 33, 'Con': 42, 'Lab': 34, 'Lib Dem': 36, 'Reform': 33}, 'Somewhat oppose': {'All': 6, 'Con': 6, 'Lab': 4, 'Lib Dem': 8, 'Reform': 6}, 'Strongly oppose': {'All': 2, 'Con': 3, 'Lab': 1, 'Lib Dem': 1, 'Reform': 5}, ""Don't know"": {'All': 31, 'Con': 22, 'Lab': 24, 'Lib Dem': 23, 'Reform': 23}}","{'All': {'support': 61, 'oppose': 8}, 'Con': {'support': 67, 'oppose': 9}, 'Lab': {'support': 70, 'oppose': 5}, 'Lib Dem': {'support': 67, 'oppose': 9}, 'Reform': {'support': 67, 'oppose': 11}}",Economy,Nationalisation of British Steel,The U.K. SHOULD nationalise British Steel to protect the industry and its workers.
"Would you support or oppose planting new areas of woodland in Gloucestershire, Wiltshire, Somerset to create a new national forest?",https://yougov.co.uk/topics/politics/survey-results/daily/2025/03/24/8cf88/3,Conducted 24 March 2025,5447,"{'Strongly support': {'All': 54, 'Con': 51, 'Lab': 54, 'Lib Dem': 66, 'Reform': 54}, 'Somewhat support': {'All': 30, 'Con': 34, 'Lab': 32, 'Lib Dem': 27, 'Reform': 31}, 'Somewhat oppose': {'All': 2, 'Con': 2, 'Lab': 2, 'Lib Dem': 1, 'Reform': 1}, 'Strongly oppose': {'All': 1, 'Con': 1, 'Lab': 0, 'Lib Dem': 0, 'Reform': 1}, ""Don't know"": {'All': 13, 'Con': 12, 'Lab': 11, 'Lib Dem': 6, 'Reform': 13}}","{'All': {'support': 84, 'oppose': 3}, 'Con': {'support': 85, 'oppose': 3}, 'Lab': {'support': 86, 'oppose': 2}, 'Lib Dem': {'support': 93, 'oppose': 1}, 'Reform': {'support': 85, 'oppose': 2}}",Environment,Creating a new national forest,"The U.K. SHOULD create a new national forest by planting new areas of woodland in Gloucestershire, Wiltshire, and Somerset."
Would you support or oppose giving judges the option of sentencing criminals to house arrest?,https://yougov.co.uk/topics/politics/survey-results/daily/2024/10/23/343f1/1,Conducted 23 October 2024,6011,"{'Strongly support': {'All': 16, 'Con': 15, 'Lab': 20, 'Lib Dem': 17, 'Reform': 15}, 'Somewhat support': {'All': 41, 'Con': 38, 'Lab': 47, 'Lib Dem': 49, 'Reform': 31}, 'Somewhat oppose': {'All': 13, 'Con': 18, 'Lab': 12, 'Lib Dem': 11, 'Reform': 14}, 'Strongly oppose': {'All': 12, 'Con': 16, 'Lab': 7, 'Lib Dem': 6, 'Reform': 25}, ""Don't know"": {'All': 18, 'Con': 14, 'Lab': 15, 'Lib Dem': 16, 'Reform': 15}}","{'All': {'support': 57, 'oppose': 25}, 'Con': {'support': 53, 'oppose': 34}, 'Lab': {'support': 67, 'oppose': 19}, 'Lib Dem': {'support': 66, 'oppose': 17}, 'Reform': {'support': 46, 'oppose': 39}}",Legal,House arrest as a sentencing option,The U.K. SHOULD give judges the option of sentencing criminals to house arrest.
Would you support or oppose requiring people to submit ID documents to prove their age in order to buy knives online?,https://yougov.co.uk/topics/politics/survey-results/daily/2025/01/22/b31b7/2,Conducted 22 January 2025,7353,"{'Strongly support': {'All': 73, 'Con': 82, 'Lab': 76, 'Lib Dem': 75, 'Reform': 74}, 'Somewhat support': {'All': 16, 'Con': 12, 'Lab': 16, 'Lib Dem': 17, 'Reform': 14}, 'Somewhat oppose': {'All': 4, 'Con': 2, 'Lab': 3, 'Lib Dem': 2, 'Reform': 5}, 'Strongly oppose': {'All': 2, 'Con': 1, 'Lab': 2, 'Lib Dem': 2, 'Reform': 4}, ""Don't know"": {'All': 5, 'Con': 3, 'Lab': 4, 'Lib Dem': 4, 'Reform': 4}}","{'All': {'support': 89, 'oppose': 6}, 'Con': {'support': 94, 'oppose': 3}, 'Lab': {'support': 92, 'oppose': 5}, 'Lib Dem': {'support': 92, 'oppose': 4}, 'Reform': {'support': 88, 'oppose': 9}}",Legal,Age verification for online knife purchases,The U.K. SHOULD require people to submit ID documents to prove their age in order to buy knives online.
Would you support or oppose increasing the NATO defence spending requirement from 2% of GDP to 3% of GDP?,https://yougov.co.uk/topics/international/survey-results/daily/2024/12/18/f55ab/1,Conducted 18 December 2024,7035,"{'Strongly support': {'All': 23, 'Con': 37, 'Lab': 21, 'Lib Dem': 22, 'Reform': 33}, 'Somewhat support': {'All': 27, 'Con': 31, 'Lab': 30, 'Lib Dem': 35, 'Reform': 24}, 'Somewhat oppose': {'All': 12, 'Con': 10, 'Lab': 15, 'Lib Dem': 11, 'Reform': 8}, 'Strongly oppose': {'All': 9, 'Con': 6, 'Lab': 6, 'Lib Dem': 5, 'Reform': 16}, ""Don't know"": {'All': 28, 'Con': 15, 'Lab': 28, 'Lib Dem': 27, 'Reform': 19}}","{'All': {'support': 50, 'oppose': 21}, 'Con': {'support': 68, 'oppose': 16}, 'Lab': {'support': 51, 'oppose': 21}, 'Lib Dem': {'support': 57, 'oppose': 16}, 'Reform': {'support': 57, 'oppose': 24}}",Defence,NATO defence spending requirements,The U.K. SHOULD increase its NATO defence spending commitment from 2% of GDP to 3% of GDP.
Would you support or oppose changing the two-child benefit cap so that parents with children under the age of five are exempt?,https://yougov.co.uk/topics/politics/survey-results/daily/2025/02/27/bca88/2,Conducted 27 February 2025,4938,"{'Strongly support': {'All': 14, 'Con': 7, 'Lab': 19, 'Lib Dem': 17, 'Reform': 9}, 'Somewhat support': {'All': 17, 'Con': 17, 'Lab': 23, 'Lib Dem': 18, 'Reform': 12}, 'Somewhat oppose': {'All': 13, 'Con': 15, 'Lab': 15, 'Lib Dem': 12, 'Reform': 14}, 'Strongly oppose': {'All': 18, 'Con': 27, 'Lab': 12, 'Lib Dem': 14, 'Reform': 28}, ""Don't know"": {'All': 38, 'Con': 33, 'Lab': 32, 'Lib Dem': 38, 'Reform': 36}}","{'All': {'support': 31, 'oppose': 31}, 'Con': {'support': 24, 'oppose': 42}, 'Lab': {'support': 42, 'oppose': 27}, 'Lib Dem': {'support': 35, 'oppose': 26}, 'Reform': {'support': 21, 'oppose': 42}}",Welfare,Two-child benefit cap exemptions,The U.K. SHOULD exempt parents with children under the age of five from the two-child benefit cap.
Would you support or oppose banning children under the age of 16 from having social media accounts?,https://yougov.co.uk/topics/technology/survey-results/daily/2024/11/29/ba0bc/1,Conducted 29 November 2024,4391,"{'Strongly support': {'All': 36, 'Con': 45, 'Lab': 35, 'Lib Dem': 34, 'Reform': 42}, 'Somewhat support': {'All': 36, 'Con': 36, 'Lab': 37, 'Lib Dem': 42, 'Reform': 32}, 'Somewhat oppose': {'All': 14, 'Con': 10, 'Lab': 15, 'Lib Dem': 14, 'Reform': 13}, 'Strongly oppose': {'All': 5, 'Con': 3, 'Lab': 5, 'Lib Dem': 3, 'Reform': 7}, ""Don't know"": {'All': 9, 'Con': 6, 'Lab': 7, 'Lib Dem': 8, 'Reform': 7}}","{'All': {'support': 72, 'oppose': 19}, 'Con': {'support': 81, 'oppose': 13}, 'Lab': {'support': 72, 'oppose': 20}, 'Lib Dem': {'support': 76, 'oppose': 17}, 'Reform': {'support': 74, 'oppose': 20}}",Technology,Age restrictions for social media,The U.K. SHOULD ban children under the age of 16 from having social media accounts.
"Do you support or oppose undergraduate tuition fees in England rising £285 per year to £9,535?",https://yougov.co.uk/topics/society/survey-results/daily/2024/11/05/a1fba/3,Conducted 5 November 2024,6520,"{'Strongly support': {'All': 8, 'Con': 10, 'Lab': 8, 'Lib Dem': 8, 'Reform': 11}, 'Somewhat support': {'All': 19, 'Con': 24, 'Lab': 24, 'Lib Dem': 22, 'Reform': 20}, 'Somewhat oppose': {'All': 21, 'Con': 23, 'Lab': 22, 'Lib Dem': 25, 'Reform': 21}, 'Strongly oppose': {'All': 31, 'Con': 27, 'Lab': 30, 'Lib Dem': 28, 'Reform': 31}, ""Don't know"": {'All': 21, 'Con': 16, 'Lab': 16, 'Lib Dem': 17, 'Reform': 17}}","{'All': {'support': 27, 'oppose': 52}, 'Con': {'support': 34, 'oppose': 50}, 'Lab': {'support': 32, 'oppose': 52}, 'Lib Dem': {'support': 30, 'oppose': 53}, 'Reform': {'support': 31, 'oppose': 52}}",Education,University tuition fees,"The U.K. SHOULD allow undergraduate tuition fees in England to rise by £285 per year to £9,535."
Would you support or oppose banning smoking in pub gardens and outdoor restaurants?,https://yougov.co.uk/topics/health/survey-results/daily/2024/08/29/a8ff1/1,Conducted 29 August 2024,3715,"{'Strongly support': {'All': 35, 'Con': 34, 'Lab': 40, 'Lib Dem': 35, 'Reform': 28}, 'Tend to support': {'All': 23, 'Con': 24, 'Lab': 27, 'Lib Dem': 30, 'Reform': 13}, 'Tend to oppose': {'All': 17, 'Con': 18, 'Lab': 16, 'Lib Dem': 14, 'Reform': 20}, 'Strongly oppose': {'All': 18, 'Con': 18, 'Lab': 11, 'Lib Dem': 14, 'Reform': 34}, 'Don’t know': {'All': 7, 'Con': 6, 'Lab': 6, 'Lib Dem': 6, 'Reform': 5}}","{'All': {'support': 35, 'oppose': 18}, 'Con': {'support': 34, 'oppose': 18}, 'Lab': {'support': 40, 'oppose': 11}, 'Lib Dem': {'support': 35, 'oppose': 14}, 'Reform': {'support': 28, 'oppose': 34}}",Health,Smoking bans in outdoor dining areas,The U.K. SHOULD ban smoking in pub gardens and outdoor restaurants.
Do you support or oppose a new law that says all tips must be passed onto employees?,https://yougov.co.uk/topics/economy/survey-results/daily/2024/10/02/db272/2,Conducted 2 October 2024,4153,"{'Strongly support': {'All': 67, 'Con': 69, 'Lab': 74, 'Lib Dem': 73, 'Reform': 73}, 'Tend to support': {'All': 22, 'Con': 24, 'Lab': 21, 'Lib Dem': 19, 'Reform': 18}, 'Tend to oppose': {'All': 2, 'Con': 1, 'Lab': 2, 'Lib Dem': 1, 'Reform': 2}, 'Strongly oppose': {'All': 2, 'Con': 1, 'Lab': 1, 'Lib Dem': 2, 'Reform': 1}, 'Don’t know': {'All': 7, 'Con': 5, 'Lab': 3, 'Lib Dem': 5, 'Reform': 5}}","{'All': {'support': 67, 'oppose': 2}, 'Con': {'support': 69, 'oppose': 1}, 'Lab': {'support': 74, 'oppose': 1}, 'Lib Dem': {'support': 73, 'oppose': 2}, 'Reform': {'support': 73, 'oppose': 1}}",Employment,Mandatory passing of tips to employees,The U.K. SHOULD implement a new law requiring all customer tips to be passed on to employees in full.
"Assuming the technology becomes available, would you support or oppose scientists recreating and reintroducing to the wild animals from species that went extinct in ancient times?",https://yougov.co.uk/topics/politics/survey-results/daily/2025/04/11/a5ba0/2,Conducted 11 April 2025,4821,"{'Strongly support': {'All': 8, 'Con': 6, 'Lab': 9, 'Lib Dem': 5, 'Reform': 13}, 'Somewhat support': {'All': 28, 'Con': 24, 'Lab': 31, 'Lib Dem': 35, 'Reform': 29}, 'Somewhat oppose': {'All': 24, 'Con': 29, 'Lab': 25, 'Lib Dem': 21, 'Reform': 18}, 'Strongly oppose': {'All': 19, 'Con': 24, 'Lab': 17, 'Lib Dem': 15, 'Reform': 23}, ""Don't know"": {'All': 21, 'Con': 16, 'Lab': 19, 'Lib Dem': 24, 'Reform': 16}}","{'All': {'support': 36, 'oppose': 43}, 'Con': {'support': 30, 'oppose': 53}, 'Lab': {'support': 40, 'oppose': 42}, 'Lib Dem': {'support': 40, 'oppose': 36}, 'Reform': {'support': 42, 'oppose': 41}}",Science,De-extinction of ancient species,"The U.K. SHOULD allow scientists to recreate and reintroduce to the wild animals from species that went extinct in ancient times, once the technology becomes available."
"Would you support or oppose introducing fines of up to £1,000 for people playing music or videos out loud on their phone speakers on public transport or at train stations and bus stops?",https://yougov.co.uk/topics/politics/survey-results/daily/2025/04/24/91991/1,Conducted 24 April 2025,6815,"{'Strongly support': {'All': 29, 'Con': 37, 'Lab': 29, 'Lib Dem': 27, 'Reform': 35}, 'Somewhat support': {'All': 33, 'Con': 39, 'Lab': 34, 'Lib Dem': 35, 'Reform': 30}, 'Somewhat oppose': {'All': 17, 'Con': 13, 'Lab': 19, 'Lib Dem': 19, 'Reform': 14}, 'Strongly oppose': {'All': 11, 'Con': 5, 'Lab': 10, 'Lib Dem': 12, 'Reform': 11}, ""Don't know"": {'All': 9, 'Con': 6, 'Lab': 8, 'Lib Dem': 7, 'Reform': 10}}","{'All': {'support': 62, 'oppose': 28}, 'Con': {'support': 76, 'oppose': 18}, 'Lab': {'support': 63, 'oppose': 29}, 'Lib Dem': {'support': 62, 'oppose': 31}, 'Reform': {'support': 65, 'oppose': 25}}",Transport,Fines for playing loud music on public transport,"The U.K. SHOULD introduce fines of up to £1,000 for people playing music or videos out loud on their phone speakers on public transport or at train stations and bus stops."
"Do you support or oppose the NHS prescribing comedy-based interventions, such as stand-up shows and comedy workshops, to reduce the amount of anti-depressants that are prescribed?",https://yougov.co.uk/topics/entertainment/survey-results/daily/2025/02/20/c33bd/3,Conducted 20 February 2025,5268,"{'Strongly support': {'All': 11, 'Con': 7, 'Lab': 14, 'Lib Dem': 11, 'Reform': 6}, 'Somewhat support': {'All': 28, 'Con': 25, 'Lab': 32, 'Lib Dem': 30, 'Reform': 19}, 'Somewhat oppose': {'All': 17, 'Con': 19, 'Lab': 17, 'Lib Dem': 19, 'Reform': 20}, 'Strongly oppose': {'All': 19, 'Con': 28, 'Lab': 12, 'Lib Dem': 14, 'Reform': 35}, ""Don't know"": {'All': 26, 'Con': 21, 'Lab': 25, 'Lib Dem': 26, 'Reform': 20}}","{'All': {'support': 39, 'oppose': 36}, 'Con': {'support': 32, 'oppose': 47}, 'Lab': {'support': 46, 'oppose': 29}, 'Lib Dem': {'support': 41, 'oppose': 33}, 'Reform': {'support': 25, 'oppose': 55}}",Health,Alternative therapies in NHS mental health treatment,"The U.K. SHOULD allow the NHS to prescribe comedy-based interventions, such as stand-up shows and comedy workshops, as alternatives to reduce the amount of anti-depressants that are prescribed."
Would you support or oppose a two alcoholic drink per passenger limit at airport bars?,https://yougov.co.uk/topics/travel/survey-results/daily/2024/08/28/d229d/3,Conducted 28 August 2024,6771,"{'Strongly support': {'All': 32, 'Con': 37, 'Lab': 34, 'Lib Dem': 34, 'Reform': 32}, 'Tend to support': {'All': 30, 'Con': 30, 'Lab': 34, 'Lib Dem': 34, 'Reform': 28}, 'Tend to oppose': {'All': 15, 'Con': 15, 'Lab': 13, 'Lib Dem': 16, 'Reform': 16}, 'Strongly oppose': {'All': 9, 'Con': 9, 'Lab': 7, 'Lib Dem': 6, 'Reform': 14}, 'Don’t know': {'All': 13, 'Con': 9, 'Lab': 12, 'Lib Dem': 11, 'Reform': 10}}","{'All': {'support': 32, 'oppose': 9}, 'Con': {'support': 37, 'oppose': 9}, 'Lab': {'support': 34, 'oppose': 7}, 'Lib Dem': {'support': 34, 'oppose': 6}, 'Reform': {'support': 32, 'oppose': 14}}",Alcohol,Alcohol limits at airports,The U.K. SHOULD impose a two alcoholic drink per passenger limit at airport bars.
Would you support or oppose giving police the power to search homes without a warrant if electronic tracking suggests stolen property (such as phones or bicycles) may be present there?,https://yougov.co.uk/topics/politics/survey-results/daily/2025/02/25/1f35b/1,Conducted 25 February 2025,5390,"{'Strongly support': {'All': 30, 'Con': 44, 'Lab': 29, 'Lib Dem': 30, 'Reform': 38}, 'Somewhat support': {'All': 34, 'Con': 36, 'Lab': 36, 'Lib Dem': 38, 'Reform': 26}, 'Somewhat oppose': {'All': 13, 'Con': 8, 'Lab': 14, 'Lib Dem': 14, 'Reform': 11}, 'Strongly oppose': {'All': 15, 'Con': 7, 'Lab': 13, 'Lib Dem': 10, 'Reform': 18}, 'Don’t know': {'All': 9, 'Con': 4, 'Lab': 8, 'Lib Dem': 9, 'Reform': 6}}","{'All': {'support': 64, 'oppose': 28}, 'Con': {'support': 80, 'oppose': 15}, 'Lab': {'support': 65, 'oppose': 27}, 'Lib Dem': {'support': 68, 'oppose': 24}, 'Reform': {'support': 64, 'oppose': 29}}",Legal,Police search powers without warrants,The U.K. SHOULD give police the power to search homes without a warrant if electronic tracking suggests stolen property (such as phones or bicycles) may be present there.
Would you support or oppose a law requiring people who are not UK residents and are purchasing a home in the UK to pay a tax equivalent to 100% of the value of the home?,https://yougov.co.uk/topics/politics/survey-results/daily/2025/01/14/075aa/1,Conducted 14 January 2025,4877,"{'Strongly support': {'All': 27, 'Con': 29, 'Lab': 27, 'Lib Dem': 25, 'Reform': 39}, 'Somewhat support': {'All': 26, 'Con': 27, 'Lab': 27, 'Lib Dem': 31, 'Reform': 24}, 'Somewhat oppose': {'All': 16, 'Con': 16, 'Lab': 17, 'Lib Dem': 16, 'Reform': 11}, 'Strongly oppose': {'All': 11, 'Con': 11, 'Lab': 9, 'Lib Dem': 10, 'Reform': 9}, ""Don't know"": {'All': 21, 'Con': 16, 'Lab': 21, 'Lib Dem': 18, 'Reform': 18}}","{'All': {'support': 53, 'oppose': 27}, 'Con': {'support': 56, 'oppose': 27}, 'Lab': {'support': 54, 'oppose': 26}, 'Lib Dem': {'support': 56, 'oppose': 26}, 'Reform': {'support': 63, 'oppose': 20}}",Housing/Taxation,Tax on non-resident home buyers,"The U.K. SHOULD implement a 100% tax on home purchases made by non-UK residents, effectively doubling the cost for foreign buyers of UK property."
"If the US were to place tariffs on British goods imported to the US, would you support or oppose the UK responding by placing tariffs on American goods imported to the UK?",https://yougov.co.uk/topics/international/survey-results/daily/2025/02/03/8ae3f/1,Conducted 3 February 2025,3984,"{'Strongly support': {'All': 39, 'Con': 41, 'Lab': 48, 'Lib Dem': 46, 'Reform': 27}, 'Somewhat support': {'All': 26, 'Con': 29, 'Lab': 24, 'Lib Dem': 30, 'Reform': 30}, 'Somewhat oppose': {'All': 9, 'Con': 9, 'Lab': 8, 'Lib Dem': 7, 'Reform': 12}, 'Strongly oppose': {'All': 4, 'Con': 6, 'Lab': 3, 'Lib Dem': 3, 'Reform': 9}, ""Don't know"": {'All': 22, 'Con': 16, 'Lab': 17, 'Lib Dem': 14, 'Reform': 21}}","{'All': {'support': 65, 'oppose': 13}, 'Con': {'support': 70, 'oppose': 15}, 'Lab': {'support': 72, 'oppose': 11}, 'Lib Dem': {'support': 76, 'oppose': 10}, 'Reform': {'support': 57, 'oppose': 21}}",Trade,Retaliatory tariffs in international trade,The U.K. SHOULD respond with retaliatory tariffs on American goods if the US places tariffs on British imports.
"In the event of a peace deal in Ukraine, would you support or oppose British soldiers being stationed in the country as peacekeepers, alongside soldiers from other European countries?",https://yougov.co.uk/topics/politics/survey-results/daily/2025/01/16/c89e0/2,Conducted 16 January 2025,6072,"{'Strongly support': {'All': 21, 'Con': 23, 'Lab': 25, 'Lib Dem': 28, 'Reform': 15}, 'Somewhat support': {'All': 37, 'Con': 44, 'Lab': 41, 'Lib Dem': 42, 'Reform': 29}, 'Somewhat oppose': {'All': 10, 'Con': 11, 'Lab': 9, 'Lib Dem': 6, 'Reform': 17}, 'Strongly oppose': {'All': 11, 'Con': 9, 'Lab': 6, 'Lib Dem': 5, 'Reform': 28}, 'Don’t know': {'All': 21, 'Con': 14, 'Lab': 19, 'Lib Dem': 19, 'Reform': 11}}","{'All': {'support': 58, 'oppose': 21}, 'Con': {'support': 67, 'oppose': 20}, 'Lab': {'support': 66, 'oppose': 15}, 'Lib Dem': {'support': 70, 'oppose': 11}, 'Reform': {'support': 44, 'oppose': 45}}",Defence,Peacekeeping missions in Ukraine,The U.K. SHOULD deploy British soldiers to Ukraine as peacekeepers alongside troops from other European countries in the event of a peace deal.
Would you support or oppose changing the titles of British honours such as the OBE and MBE from 'Order of the British Empire' to 'Order of British Excellence'?,https://yougov.co.uk/topics/entertainment/survey-results/daily/2024/11/04/a8143/1,Conducted 4 November 2024,3810,"{'Strongly support': {'All': 12, 'Con': 6, 'Lab': 20, 'Lib Dem': 18, 'Reform': 5}, 'Somewhat support': {'All': 21, 'Con': 20, 'Lab': 28, 'Lib Dem': 24, 'Reform': 13}, 'Somewhat oppose': {'All': 14, 'Con': 18, 'Lab': 11, 'Lib Dem': 16, 'Reform': 17}, 'Strongly oppose': {'All': 18, 'Con': 32, 'Lab': 8, 'Lib Dem': 13, 'Reform': 45}, ""Don't know"": {'All': 35, 'Con': 23, 'Lab': 34, 'Lib Dem': 30, 'Reform': 20}}","{'All': {'support': 33, 'oppose': 32}, 'Con': {'support': 26, 'oppose': 50}, 'Lab': {'support': 48, 'oppose': 19}, 'Lib Dem': {'support': 42, 'oppose': 29}, 'Reform': {'support': 18, 'oppose': 62}}",Culture,Renaming British honours,The U.K. SHOULD change the titles of British honours such as the OBE and MBE from 'Order of the British Empire' to 'Order of British Excellence'.
Do you support or oppose fraud investigators being able to access people’s bank accounts if there is a suspicion they are claiming benefits they are not entitled to?,https://yougov.co.uk/topics/politics/survey-results/daily/2024/09/24/e2f46/1,Conducted 24 September 2024,3566,"{'Strongly support': {'All': 29, 'Con': 39, 'Lab': 24, 'Lib Dem': 25, 'Reform': 42}, 'Tend to support': {'All': 35, 'Con': 40, 'Lab': 38, 'Lib Dem': 44, 'Reform': 29}, 'Tend to oppose': {'All': 14, 'Con': 7, 'Lab': 15, 'Lib Dem': 15, 'Reform': 12}, 'Strongly oppose': {'All': 10, 'Con': 5, 'Lab': 11, 'Lib Dem': 6, 'Reform': 10}, 'Don’t know': {'All': 12, 'Con': 9, 'Lab': 12, 'Lib Dem': 11, 'Reform': 8}}","{'All': {'support': 29, 'oppose': 10}, 'Con': {'support': 39, 'oppose': 5}, 'Lab': {'support': 24, 'oppose': 11}, 'Lib Dem': {'support': 25, 'oppose': 6}, 'Reform': {'support': 42, 'oppose': 10}}",Legal,Access to bank accounts for benefit fraud investigations,The U.K. SHOULD allow fraud investigators to access people's bank accounts when there is suspicion they are claiming benefits they are not entitled to.
"Would you support or oppose banning people from smoking in their homes, if they live in an apartment block or other shared buildings?",https://yougov.co.uk/topics/health/survey-results/daily/2024/08/29/a8ff1/2,Conducted 29 August 2024,3715,"{'Strongly support': {'All': 22, 'Con': 19, 'Lab': 23, 'Lib Dem': 23, 'Reform': 16}, 'Tend to support': {'All': 20, 'Con': 20, 'Lab': 22, 'Lib Dem': 26, 'Reform': 14}, 'Tend to oppose': {'All': 22, 'Con': 23, 'Lab': 25, 'Lib Dem': 20, 'Reform': 18}, 'Strongly oppose': {'All': 24, 'Con': 24, 'Lab': 18, 'Lib Dem': 21, 'Reform': 43}, 'Don’t know': {'All': 12, 'Con': 14, 'Lab': 11, 'Lib Dem': 10, 'Reform': 9}}","{'All': {'support': 22, 'oppose': 24}, 'Con': {'support': 19, 'oppose': 24}, 'Lab': {'support': 23, 'oppose': 18}, 'Lib Dem': {'support': 23, 'oppose': 21}, 'Reform': {'support': 16, 'oppose': 43}}",Health,Smoking bans in shared residential buildings,The U.K. SHOULD ban people from smoking in their homes if they live in apartment blocks or other shared buildings.
"Would you support or oppose schools ending their day early, after lunch, on a Friday?",https://yougov.co.uk/topics/society/survey-results/daily/2024/06/21/b4451/3,Conducted 21 June 2024,5398,"{'Strongly support': {'All': 14, 'Lab': 18, 'Con': 7, 'LD': 10, 'Remain': 15, 'Leave': 9}, 'Somewhat support': {'All': 25, 'Lab': 27, 'Con': 20, 'LD': 31, 'Remain': 27, 'Leave': 20}, 'Somewhat oppose': {'All': 19, 'Lab': 18, 'Con': 22, 'LD': 22, 'Remain': 19, 'Leave': 20}, 'Strongly oppose': {'All': 24, 'Lab': 18, 'Con': 36, 'LD': 18, 'Remain': 20, 'Leave': 34}, ""Don't know"": {'All': 18, 'Lab': 19, 'Con': 16, 'LD': 20, 'Remain': 20, 'Leave': 17}}","{'All': {'support': 39, 'oppose': 43}, 'Lab': {'support': 45, 'oppose': 36}, 'Con': {'support': 27, 'oppose': 58}, 'LD': {'support': 41, 'oppose': 40}, 'Remain': {'support': 42, 'oppose': 39}, 'Leave': {'support': 29, 'oppose': 54}}",Education,Early school dismissal on Fridays,"The U.K. SHOULD allow schools to end their day early, after lunch, on Fridays."
"Would you support or oppose some prisoners serving out their term in Estonian prisons, to relieve pressure on space in UK prisons?",https://yougov.co.uk/topics/politics/survey-results/daily/2024/09/09/0fb0f/2,Conducted 9 September 2024,4103,"{'Strongly support': {'All': 24, 'Con': 35, 'Lab': 19, 'Lib Dem': 16, 'Reform': 33}, 'Tend to support': {'All': 28, 'Con': 31, 'Lab': 30, 'Lib Dem': 31, 'Reform': 30}, 'Tend to oppose': {'All': 13, 'Con': 11, 'Lab': 18, 'Lib Dem': 18, 'Reform': 6}, 'Strongly oppose': {'All': 13, 'Con': 5, 'Lab': 14, 'Lib Dem': 15, 'Reform': 16}, 'Don’t know': {'All': 23, 'Con': 18, 'Lab': 19, 'Lib Dem': 19, 'Reform': 15}}","{'All': {'support': 24, 'oppose': 13}, 'Con': {'support': 35, 'oppose': 5}, 'Lab': {'support': 19, 'oppose': 14}, 'Lib Dem': {'support': 16, 'oppose': 15}, 'Reform': {'support': 33, 'oppose': 16}}",Criminal Justice,Transferring UK prisoners to Estonian prisons,The U.K. SHOULD transfer some prisoners to serve their sentences in Estonian prisons to relieve overcrowding in UK prisons.
Would you support or oppose unemployed people aged 18-21 who are capable of work being required to participate in training or apprenticeships in order to receive benefits?,https://yougov.co.uk/topics/economy/survey-results/daily/2024/11/18/79b15/2,Conducted 18 November 2024,5787,"{'Strongly support': {'All': 50, 'Con': 73, 'Lab': 42, 'Lib Dem': 43, 'Reform': 67}, 'Somewhat support': {'All': 33, 'Con': 21, 'Lab': 40, 'Lib Dem': 41, 'Reform': 24}, 'Somewhat oppose': {'All': 6, 'Con': 2, 'Lab': 7, 'Lib Dem': 5, 'Reform': 3}, 'Strongly oppose': {'All': 3, 'Con': 1, 'Lab': 4, 'Lib Dem': 2, 'Reform': 1}, ""Don't know"": {'All': 8, 'Con': 3, 'Lab': 7, 'Lib Dem': 8, 'Reform': 4}}","{'All': {'support': 83, 'oppose': 9}, 'Con': {'support': 94, 'oppose': 3}, 'Lab': {'support': 82, 'oppose': 11}, 'Lib Dem': {'support': 84, 'oppose': 7}, 'Reform': {'support': 91, 'oppose': 4}}",Welfare,Mandatory training for young unemployed benefit recipients,The U.K. SHOULD require unemployed people aged 18-21 who are capable of work to participate in training or apprenticeships in order to receive benefits.
Do you support or oppose banning free drinks refills of sugary or fizzy drinks at restaurants and cafes?,https://yougov.co.uk/topics/society/survey-results/daily/2024/07/15/4300d/3,Conducted 15 July 2024,3393,"{'Strongly support': {'All': 15, 'Lab': 20, 'Con': 15, 'LD': 14, 'Remain': 17, 'Leave': 15}, 'Tend to support': {'All': 22, 'Lab': 23, 'Con': 22, 'LD': 26, 'Remain': 25, 'Leave': 20}, 'Tend to oppose': {'All': 28, 'Lab': 28, 'Con': 29, 'LD': 24, 'Remain': 29, 'Leave': 27}, 'Strongly oppose': {'All': 20, 'Lab': 18, 'Con': 21, 'LD': 22, 'Remain': 17, 'Leave': 24}, 'Don’t know': {'All': 15, 'Lab': 11, 'Con': 13, 'LD': 14, 'Remain': 12, 'Leave': 14}}","{'All': {'support': 15, 'oppose': 20}, 'Lab': {'support': 20, 'oppose': 18}, 'Con': {'support': 15, 'oppose': 21}, 'LD': {'support': 14, 'oppose': 22}, 'Remain': {'support': 17, 'oppose': 17}, 'Leave': {'support': 15, 'oppose': 24}}",Health,Regulation of sugary drink refills in restaurants,The U.K. SHOULD ban free refills of sugary or fizzy drinks at restaurants and cafes.
Do you support or oppose junior doctors going on strike over pay and working conditions?,https://yougov.co.uk/topics/politics/survey-results/daily/2024/06/28/886c4/2,Conducted 28 June 2024,6121,"{'Strongly support': {'All': 23, 'Lab': 41, 'Con': 7, 'LD': 30, 'Remain': 31, 'Leave': 12}, 'Somewhat support': {'All': 29, 'Lab': 36, 'Con': 21, 'LD': 34, 'Remain': 33, 'Leave': 24}, 'Somewhat oppose': {'All': 18, 'Lab': 11, 'Con': 24, 'LD': 19, 'Remain': 16, 'Leave': 22}, 'Strongly oppose': {'All': 21, 'Lab': 7, 'Con': 42, 'LD': 11, 'Remain': 14, 'Leave': 35}, 'Don’t know': {'All': 9, 'Lab': 5, 'Con': 6, 'LD': 6, 'Remain': 6, 'Leave': 7}}","{'All': {'support': 52, 'oppose': 39}, 'Lab': {'support': 77, 'oppose': 18}, 'Con': {'support': 28, 'oppose': 66}, 'LD': {'support': 64, 'oppose': 30}, 'Remain': {'support': 64, 'oppose': 30}, 'Leave': {'support': 36, 'oppose': 57}}",Labour,Junior doctors' strikes,The U.K. SHOULD restrict junior doctors' ability to strike over pay and working conditions.
Would you support or oppose top universities like Oxford and Cambridge capping the number of students from private schools they take at 10%?,https://yougov.co.uk/topics/society/survey-results/daily/2024/09/13/b436b/2,Conducted 13 September 2024,5339,"{'Strongly support': {'All': 16, 'Con': 8, 'Lab': 23, 'Lib Dem': 16, 'Reform': 8}, 'Somewhat support': {'All': 24, 'Con': 21, 'Lab': 31, 'Lib Dem': 31, 'Reform': 17}, 'Somewhat oppose': {'All': 15, 'Con': 21, 'Lab': 11, 'Lib Dem': 16, 'Reform': 14}, 'Strongly oppose': {'All': 11, 'Con': 22, 'Lab': 6, 'Lib Dem': 9, 'Reform': 20}, ""Don't know"": {'All': 34, 'Con': 28, 'Lab': 30, 'Lib Dem': 28, 'Reform': 41}}","{'All': {'support': 40, 'oppose': 26}, 'Con': {'support': 29, 'oppose': 43}, 'Lab': {'support': 54, 'oppose': 17}, 'Lib Dem': {'support': 47, 'oppose': 25}, 'Reform': {'support': 25, 'oppose': 34}}",Education,University admissions quotas for private school students,The U.K. SHOULD implement a 10% cap on the number of students from private schools that top universities like Oxford and Cambridge can admit.
"Would you support or oppose armed police officers being granted anonymity if they face a criminal trial as a result of a police shooting, unless they are subsequently found guilty?",https://yougov.co.uk/topics/politics/survey-results/daily/2024/10/24/80cfd/1,Conducted 24 October 2024,6562,"{'Strongly support': {'All': 42, 'Con': 64, 'Lab': 35, 'Lib Dem': 41, 'Reform': 69}, 'Somewhat support': {'All': 27, 'Con': 22, 'Lab': 33, 'Lib Dem': 29, 'Reform': 18}, 'Somewhat oppose': {'All': 8, 'Con': 4, 'Lab': 9, 'Lib Dem': 12, 'Reform': 2}, 'Strongly oppose': {'All': 9, 'Con': 3, 'Lab': 9, 'Lib Dem': 7, 'Reform': 3}, ""Don't know"": {'All': 14, 'Con': 8, 'Lab': 13, 'Lib Dem': 11, 'Reform': 7}}","{'All': {'support': 69, 'oppose': 17}, 'Con': {'support': 86, 'oppose': 7}, 'Lab': {'support': 68, 'oppose': 18}, 'Lib Dem': {'support': 70, 'oppose': 19}, 'Reform': {'support': 87, 'oppose': 5}}",Legal,Anonymity for armed police officers in criminal trials,"The U.K. SHOULD grant anonymity to armed police officers facing criminal trials as a result of police shootings, unless they are subsequently found guilty."
"Would you support or oppose the NHS providing smart watches to allow people with certain conditions (such as high blood pressure, cancer, diabetes) to measure their vital signs?",https://yougov.co.uk/topics/politics/survey-results/daily/2024/10/21/8a310/2,Conducted 21 October 2024,4053,"{'Strongly support': {'All': 27, 'Con': 19, 'Lab': 30, 'Lib Dem': 28, 'Reform': 20}, 'Somewhat support': {'All': 41, 'Con': 39, 'Lab': 47, 'Lib Dem': 46, 'Reform': 36}, 'Somewhat oppose': {'All': 11, 'Con': 15, 'Lab': 9, 'Lib Dem': 12, 'Reform': 15}, 'Strongly oppose': {'All': 9, 'Con': 15, 'Lab': 4, 'Lib Dem': 7, 'Reform': 20}, ""Don't know"": {'All': 12, 'Con': 11, 'Lab': 10, 'Lib Dem': 7, 'Reform': 9}}","{'All': {'support': 68, 'oppose': 20}, 'Con': {'support': 58, 'oppose': 30}, 'Lab': {'support': 77, 'oppose': 13}, 'Lib Dem': {'support': 74, 'oppose': 19}, 'Reform': {'support': 56, 'oppose': 35}}",Health,Smart watches for NHS patients with health conditions,"The U.K. SHOULD provide NHS-funded smart watches to allow people with certain conditions (such as high blood pressure, cancer, diabetes) to measure their vital signs."
"Would you support or oppose the government setting up and running “Relationship Hubs”, providing counselling and ‘relationship health’ check-ups, as well as services to help avoid romance scams and hosting dating events?",https://yougov.co.uk/topics/society/survey-results/daily/2025/02/11/89908/1,Conducted 11 February 2025,4115,"{'Strongly support': {'All': 13, 'Con': 11, 'Lab': 18, 'Lib Dem': 12, 'Reform': 5}, 'Somewhat support': {'All': 37, 'Con': 30, 'Lab': 43, 'Lib Dem': 44, 'Reform': 32}, 'Somewhat oppose': {'All': 12, 'Con': 15, 'Lab': 11, 'Lib Dem': 11, 'Reform': 14}, 'Strongly oppose': {'All': 12, 'Con': 23, 'Lab': 5, 'Lib Dem': 7, 'Reform': 24}, 'Don’t know': {'All': 25, 'Con': 22, 'Lab': 23, 'Lib Dem': 24, 'Reform': 25}}","{'All': {'support': 50, 'oppose': 24}, 'Con': {'support': 41, 'oppose': 38}, 'Lab': {'support': 61, 'oppose': 16}, 'Lib Dem': {'support': 56, 'oppose': 18}, 'Reform': {'support': 37, 'oppose': 38}}",Social Services,Government-run relationship support services,"The U.K. SHOULD establish government-run ""Relationship Hubs"" that provide counselling, 'relationship health' check-ups, protection against romance scams, and dating events."
"Assuming the technology becomes available, would you support or oppose scientists recreating and reintroducing to the wild animals from species that went extinct in the last 100 years?",https://yougov.co.uk/topics/politics/survey-results/daily/2024/10/17/de3c6/2,Conducted 17 October 2024,5546,"{'Strongly support': {'All': 12, 'Con': 10, 'Lab': 15, 'Lib Dem': 9, 'Reform': 11}, 'Somewhat support': {'All': 32, 'Con': 34, 'Lab': 33, 'Lib Dem': 36, 'Reform': 31}, 'Somewhat oppose': {'All': 18, 'Con': 19, 'Lab': 19, 'Lib Dem': 21, 'Reform': 18}, 'Strongly oppose': {'All': 16, 'Con': 18, 'Lab': 14, 'Lib Dem': 13, 'Reform': 21}, ""Don't know"": {'All': 22, 'Con': 19, 'Lab': 19, 'Lib Dem': 21, 'Reform': 19}}","{'All': {'support': 44, 'oppose': 34}, 'Con': {'support': 44, 'oppose': 37}, 'Lab': {'support': 48, 'oppose': 33}, 'Lib Dem': {'support': 45, 'oppose': 34}, 'Reform': {'support': 42, 'oppose': 39}}",Science,De-extinction of recently extinct species,"The U.K. SHOULD allow scientists to recreate and reintroduce to the wild animals from species that went extinct in the last 100 years, once the technology becomes available."
Would you support or oppose changing welfare rules so people aged under 22 can no longer claim a higher amount of universal credit if they have limited capability to work because of sickness or disability?,https://yougov.co.uk/topics/politics/survey-results/daily/2025/03/19/c5485/1,Conducted 19 March 2025,4889,"{'Strongly support': {'All': 17, 'Con': 28, 'Lab': 13, 'Lib Dem': 12, 'Reform': 32}, 'Somewhat support': {'All': 22, 'Con': 30, 'Lab': 21, 'Lib Dem': 25, 'Reform': 23}, 'Somewhat oppose': {'All': 19, 'Con': 14, 'Lab': 23, 'Lib Dem': 24, 'Reform': 12}, 'Strongly oppose': {'All': 19, 'Con': 6, 'Lab': 25, 'Lib Dem': 15, 'Reform': 12}, ""Don't know"": {'All': 24, 'Con': 21, 'Lab': 19, 'Lib Dem': 25, 'Reform': 21}}","{'All': {'support': 39, 'oppose': 38}, 'Con': {'support': 58, 'oppose': 20}, 'Lab': {'support': 34, 'oppose': 48}, 'Lib Dem': {'support': 37, 'oppose': 39}, 'Reform': {'support': 55, 'oppose': 24}}",Welfare,Welfare benefits for young people with disabilities,The U.K. SHOULD change welfare rules so people aged under 22 can no longer claim a higher amount of universal credit if they have limited capability to work because of sickness or disability.
"Would you support or oppose the creation of new ‘intermediate courts’, covering cases involving a maximum sentence of two years as and other lower level crimes, with verdicts decided by a judge and two magistrates rather than a jury?",https://yougov.co.uk/topics/politics/survey-results/daily/2025/04/14/d57f5/2,Conducted 14 April 2025,7769,"{'Strongly support': {'All': 16, 'Con': 21, 'Lab': 18, 'Lib Dem': 18, 'Reform': 17}, 'Somewhat support': {'All': 44, 'Con': 49, 'Lab': 48, 'Lib Dem': 48, 'Reform': 38}, 'Somewhat oppose': {'All': 8, 'Con': 8, 'Lab': 8, 'Lib Dem': 9, 'Reform': 11}, 'Strongly oppose': {'All': 6, 'Con': 6, 'Lab': 4, 'Lib Dem': 3, 'Reform': 17}, ""Don't know"": {'All': 26, 'Con': 16, 'Lab': 22, 'Lib Dem': 21, 'Reform': 18}}","{'All': {'support': 60, 'oppose': 14}, 'Con': {'support': 70, 'oppose': 14}, 'Lab': {'support': 66, 'oppose': 12}, 'Lib Dem': {'support': 66, 'oppose': 12}, 'Reform': {'support': 55, 'oppose': 28}}",Legal,Intermediate courts without jury trials,"The U.K. SHOULD create new 'intermediate courts' to handle cases involving a maximum sentence of two years and other lower level crimes, with verdicts decided by a judge and two magistrates rather than a jury."
"Would you support or oppose farmers striking by withholding non-perishable items, such as meat and certain crops, for a week as part of a protest against changes to inheritance tax changes on agricultural land?",https://yougov.co.uk/topics/politics/survey-results/daily/2024/11/13/65557/2,Conducted 13 November 2024,4541,"{'Strongly support': {'All': 27, 'Con': 42, 'Lab': 15, 'Lib Dem': 20, 'Reform': 57}, 'Somewhat support': {'All': 25, 'Con': 30, 'Lab': 26, 'Lib Dem': 29, 'Reform': 19}, 'Somewhat oppose': {'All': 14, 'Con': 10, 'Lab': 16, 'Lib Dem': 18, 'Reform': 10}, 'Strongly oppose': {'All': 14, 'Con': 7, 'Lab': 22, 'Lib Dem': 17, 'Reform': 6}, ""Don't know"": {'All': 20, 'Con': 10, 'Lab': 20, 'Lib Dem': 16, 'Reform': 9}}","{'All': {'support': 52, 'oppose': 28}, 'Con': {'support': 72, 'oppose': 17}, 'Lab': {'support': 41, 'oppose': 38}, 'Lib Dem': {'support': 49, 'oppose': 35}, 'Reform': {'support': 76, 'oppose': 16}}",Agriculture,Farmers' protests against inheritance tax changes,"The U.K. SHOULD protect farmers' right to strike by withholding non-perishable items, such as meat and certain crops, as a form of protest against inheritance tax changes on agricultural land."
Would you support or oppose drivers aged under 21 being banned from carrying passengers under 21 for the first six months after they pass their driving test?,https://yougov.co.uk/topics/travel/survey-results/daily/2024/10/22/c28e1/2,Conducted 22 October 2024,5931,"{'Strongly support': {'All': 31, 'Con': 42, 'Lab': 29, 'Lib Dem': 32, 'Reform': 34}, 'Somewhat support': {'All': 30, 'Con': 33, 'Lab': 33, 'Lib Dem': 31, 'Reform': 25}, 'Somewhat oppose': {'All': 16, 'Con': 11, 'Lab': 19, 'Lib Dem': 19, 'Reform': 19}, 'Strongly oppose': {'All': 11, 'Con': 7, 'Lab': 9, 'Lib Dem': 11, 'Reform': 14}, ""Don't know"": {'All': 13, 'Con': 8, 'Lab': 11, 'Lib Dem': 7, 'Reform': 9}}","{'All': {'support': 61, 'oppose': 27}, 'Con': {'support': 75, 'oppose': 18}, 'Lab': {'support': 62, 'oppose': 28}, 'Lib Dem': {'support': 63, 'oppose': 30}, 'Reform': {'support': 59, 'oppose': 33}}",Transport,Driving restrictions for young drivers,The U.K. SHOULD ban drivers aged under 21 from carrying passengers under 21 for the first six months after they pass their driving test.
Do you support or oppose junior doctors being offered a pay offer equivalent to an average increase of 22% over two years?,https://yougov.co.uk/topics/politics/survey-results/daily/2024/07/30/65187/2,Conducted 30 July 2024,3189,"{'Strongly support': {'All': 23, 'Con': 8, 'Lab': 37, 'Lib Dem': 29, 'Reform': 10}, 'Tend to support': {'All': 36, 'Con': 30, 'Lab': 43, 'Lib Dem': 47, 'Reform': 25}, 'Tend to oppose': {'All': 16, 'Con': 29, 'Lab': 9, 'Lib Dem': 13, 'Reform': 25}, 'Strongly oppose': {'All': 12, 'Con': 23, 'Lab': 3, 'Lib Dem': 5, 'Reform': 30}, 'Don’t know': {'All': 13, 'Con': 10, 'Lab': 7, 'Lib Dem': 6, 'Reform': 10}}","{'All': {'support': 23, 'oppose': 12}, 'Con': {'support': 8, 'oppose': 23}, 'Lab': {'support': 37, 'oppose': 3}, 'Lib Dem': {'support': 29, 'oppose': 5}, 'Reform': {'support': 10, 'oppose': 30}}",Health,Junior doctors' pay increase,The U.K. SHOULD offer junior doctors a pay increase equivalent to an average of 22% over two years.
"Would you support or oppose a 25p charge being introduced on single-use disposable beverage cups, such as those you get from a coffee shop?",https://yougov.co.uk/topics/politics/survey-results/daily/2024/08/23/c4ad2/2,Conducted 23 August 2024,5554,"{'Strongly support': {'All': 20, 'Con': 19, 'Lab': 26, 'Lib Dem': 24, 'Reform': 15}, 'Somewhat support': {'All': 26, 'Con': 29, 'Lab': 27, 'Lib Dem': 37, 'Reform': 18}, 'Somewhat oppose': {'All': 18, 'Con': 16, 'Lab': 16, 'Lib Dem': 18, 'Reform': 22}, 'Strongly oppose': {'All': 23, 'Con': 24, 'Lab': 19, 'Lib Dem': 12, 'Reform': 35}, ""Don't know"": {'All': 13, 'Con': 12, 'Lab': 12, 'Lib Dem': 9, 'Reform': 11}}","{'All': {'support': 46, 'oppose': 41}, 'Con': {'support': 48, 'oppose': 40}, 'Lab': {'support': 53, 'oppose': 35}, 'Lib Dem': {'support': 61, 'oppose': 30}, 'Reform': {'support': 33, 'oppose': 57}}",Environment,Charge on disposable cups,"The U.K. SHOULD introduce a 25p charge on single-use disposable beverage cups, such as those from coffee shops."
"Would you support or oppose allowing councils in Wales to levy a 'tourist tax' in the form of a small additional charge per night on all hotel, B&B and short term let stays in their area?",https://yougov.co.uk/topics/travel/survey-results/daily/2024/11/25/c3047/1,Conducted 25 November 2024,4081,"{'Strongly support': {'All': 9, 'Con': 6, 'Lab': 13, 'Lib Dem': 13, 'Reform': 4}, 'Somewhat support': {'All': 26, 'Con': 21, 'Lab': 36, 'Lib Dem': 34, 'Reform': 15}, 'Somewhat oppose': {'All': 21, 'Con': 25, 'Lab': 17, 'Lib Dem': 24, 'Reform': 24}, 'Strongly oppose': {'All': 23, 'Con': 33, 'Lab': 16, 'Lib Dem': 12, 'Reform': 40}, ""Don't know"": {'All': 21, 'Con': 15, 'Lab': 18, 'Lib Dem': 17, 'Reform': 17}}","{'All': {'support': 35, 'oppose': 44}, 'Con': {'support': 27, 'oppose': 58}, 'Lab': {'support': 49, 'oppose': 33}, 'Lib Dem': {'support': 47, 'oppose': 36}, 'Reform': {'support': 19, 'oppose': 64}}",Taxation,Tourist tax in Wales,"The U.K. SHOULD allow councils in Wales to levy a 'tourist tax' in the form of a small additional charge per night on all hotel, B&B and short term let stays in their area."
Currently cars that use petrol or diesel fuel are set to be banned in favour of electric cars by 2030. Would you support or oppose allowing hybrid cars - which use a combined fuel-electric engine - to remain on sale until 2035?,https://yougov.co.uk/topics/politics/survey-results/daily/2025/04/07/5bcf9/2,Conducted 7 April 2025,3806,"{'Strongly support': {'All': 41, 'Con': 55, 'Lab': 40, 'Lib Dem': 37, 'Reform': 56}, 'Somewhat support': {'All': 28, 'Con': 23, 'Lab': 34, 'Lib Dem': 38, 'Reform': 17}, 'Somewhat oppose': {'All': 9, 'Con': 10, 'Lab': 9, 'Lib Dem': 10, 'Reform': 4}, 'Strongly oppose': {'All': 8, 'Con': 7, 'Lab': 6, 'Lib Dem': 5, 'Reform': 13}, ""Don't know"": {'All': 14, 'Con': 5, 'Lab': 11, 'Lib Dem': 10, 'Reform': 10}}","{'All': {'support': 69, 'oppose': 17}, 'Con': {'support': 78, 'oppose': 17}, 'Lab': {'support': 74, 'oppose': 15}, 'Lib Dem': {'support': 75, 'oppose': 15}, 'Reform': {'support': 73, 'oppose': 17}}",Environment,Phasing out of petrol and diesel vehicles,"The U.K. SHOULD extend the deadline for hybrid cars (which use a combined fuel-electric engine) to remain on sale until 2035, while maintaining the 2030 ban on purely petrol or diesel vehicles."
"Do you support or oppose train drivers being offered a pay increase of 4.5%, as well as a backdated increase for the past five years averaging 4.9%?",https://yougov.co.uk/topics/travel/survey-results/daily/2024/08/16/72319/2,Conducted 16 August 2024,5196,"{'Strongly support': {'All': 13, 'Con': 3, 'Lab': 21, 'Lib Dem': 14, 'Reform': 5}, 'Tend to support': {'All': 30, 'Con': 18, 'Lab': 44, 'Lib Dem': 37, 'Reform': 17}, 'Tend to oppose': {'All': 22, 'Con': 31, 'Lab': 15, 'Lib Dem': 25, 'Reform': 32}, 'Strongly oppose': {'All': 19, 'Con': 40, 'Lab': 9, 'Lib Dem': 11, 'Reform': 37}, ""Don't know"": {'All': 15, 'Con': 9, 'Lab': 12, 'Lib Dem': 13, 'Reform': 9}}","{'All': {'support': 13, 'oppose': 19}, 'Con': {'support': 3, 'oppose': 40}, 'Lab': {'support': 21, 'oppose': 9}, 'Lib Dem': {'support': 14, 'oppose': 11}, 'Reform': {'support': 5, 'oppose': 37}}",Employment,Train driver pay increases,"The U.K. SHOULD approve a 4.5% pay increase for train drivers, along with a backdated increase for the past five years averaging 4.9%."
"Would you support or oppose changing the daylight time system in the UK so that clocks remain one hour ahead of GMT in winter, and are set two hours ahead of GMT from the spring, meaning that it would remain lighter in the evenings for longer?",https://yougov.co.uk/topics/society/survey-results/daily/2025/03/27/76093/2,Conducted 27 March 2025,4344,"{'Strongly support': {'All': 18, 'Con': 20, 'Lab': 19, 'Lib Dem': 19, 'Reform': 21}, 'Somewhat support': {'All': 26, 'Con': 28, 'Lab': 26, 'Lib Dem': 27, 'Reform': 26}, 'Somewhat oppose': {'All': 15, 'Con': 16, 'Lab': 17, 'Lib Dem': 17, 'Reform': 13}, 'Strongly oppose': {'All': 14, 'Con': 16, 'Lab': 13, 'Lib Dem': 14, 'Reform': 15}, 'Don’t know': {'All': 27, 'Con': 20, 'Lab': 26, 'Lib Dem': 23, 'Reform': 25}}","{'All': {'support': 44, 'oppose': 29}, 'Con': {'support': 48, 'oppose': 32}, 'Lab': {'support': 45, 'oppose': 30}, 'Lib Dem': {'support': 46, 'oppose': 31}, 'Reform': {'support': 47, 'oppose': 28}}",Time,Changing the daylight saving time system,"The U.K. SHOULD change the daylight time system so that clocks remain one hour ahead of GMT in winter, and are set two hours ahead of GMT from the spring, meaning that it would remain lighter in the evenings for longer."
Would you support or oppose requiring businesses to pay a higher rate of national insurance for foreign workers than British workers?,https://yougov.co.uk/topics/politics/survey-results/daily/2024/06/14/d06bd/3,Conducted 14 June 2024,6073,"{'Strongly support': {'All': 17, 'Lab': 10, 'Con': 25, 'LD': 8, 'Remain': 9, 'Leave': 27}, 'Somewhat support': {'All': 24, 'Lab': 21, 'Con': 32, 'LD': 24, 'Remain': 22, 'Leave': 30}, 'Somewhat oppose': {'All': 17, 'Lab': 21, 'Con': 13, 'LD': 22, 'Remain': 22, 'Leave': 12}, 'Strongly oppose': {'All': 13, 'Lab': 17, 'Con': 10, 'LD': 14, 'Remain': 16, 'Leave': 9}, ""Don't know"": {'All': 30, 'Lab': 31, 'Con': 20, 'LD': 33, 'Remain': 30, 'Leave': 23}}","{'All': {'support': 41, 'oppose': 30}, 'Lab': {'support': 31, 'oppose': 38}, 'Con': {'support': 57, 'oppose': 23}, 'LD': {'support': 32, 'oppose': 36}, 'Remain': {'support': 31, 'oppose': 38}, 'Leave': {'support': 57, 'oppose': 21}}",Immigration/Employment,Differential taxation for foreign workers,The U.K. SHOULD require businesses to pay a higher rate of national insurance for foreign workers than British workers.
"Currently, all school children in England who are in reception, Year 1 and Year 2 are eligible for free school meals. Would you support or oppose changing this policy so that only those from lower income households are eligible for free school meals?",https://yougov.co.uk/topics/society/survey-results/daily/2025/03/24/410e8/2,Conducted 24 March 2025,3722,"{'Strongly support': {'All': 20, 'Con': 23, 'Lab': 18, 'Lib Dem': 15, 'Reform': 27}, 'Somewhat support': {'All': 25, 'Con': 28, 'Lab': 24, 'Lib Dem': 26, 'Reform': 30}, 'Somewhat oppose': {'All': 19, 'Con': 17, 'Lab': 26, 'Lib Dem': 20, 'Reform': 14}, 'Strongly oppose': {'All': 24, 'Con': 21, 'Lab': 24, 'Lib Dem': 23, 'Reform': 20}, ""Don't know"": {'All': 12, 'Con': 11, 'Lab': 9, 'Lib Dem': 17, 'Reform': 9}}","{'All': {'support': 45, 'oppose': 43}, 'Con': {'support': 51, 'oppose': 38}, 'Lab': {'support': 42, 'oppose': 50}, 'Lib Dem': {'support': 41, 'oppose': 43}, 'Reform': {'support': 57, 'oppose': 34}}",Education,Free school meals eligibility,"The U.K. SHOULD change the current universal free school meals policy for reception, Year 1 and Year 2 children in England to a means-tested approach where only those from lower income households are eligible."
"Do you support or oppose winter fuel payments to pensioners being means-tested, so they only go to those on pension credit or other means-tested benefits?",https://yougov.co.uk/topics/politics/survey-results/daily/2024/07/30/65187/1,Conducted 30 July 2024,3189,"{'Strongly support': {'All': 19, 'Con': 12, 'Lab': 27, 'Lib Dem': 22, 'Reform': 16}, 'Tend to support': {'All': 28, 'Con': 29, 'Lab': 34, 'Lib Dem': 38, 'Reform': 23}, 'Tend to oppose': {'All': 14, 'Con': 16, 'Lab': 12, 'Lib Dem': 12, 'Reform': 11}, 'Strongly oppose': {'All': 24, 'Con': 39, 'Lab': 13, 'Lib Dem': 18, 'Reform': 41}, 'Don’t know': {'All': 15, 'Con': 4, 'Lab': 14, 'Lib Dem': 10, 'Reform': 8}}","{'All': {'support': 19, 'oppose': 24}, 'Con': {'support': 12, 'oppose': 39}, 'Lab': {'support': 27, 'oppose': 13}, 'Lib Dem': {'support': 22, 'oppose': 18}, 'Reform': {'support': 16, 'oppose': 41}}",Welfare,Means-testing winter fuel payments for pensioners,"The U.K. SHOULD introduce means-testing for winter fuel payments to pensioners, so they only go to those on pension credit or other means-tested benefits."
"Would you support or oppose Britain doing a deal with the EU where people aged between 18‑30 would be able to live, work or study in an EU country for up to four years, and EU citizens aged 18-30 would have the same rights to live, work or study in the UK?",https://yougov.co.uk/topics/international/survey-results/daily/2025/02/04/01be8/1,Conducted 4 February 2025,4505,"{'Strongly support': {'All': 34, 'Con': 19, 'Lab': 53, 'Lib Dem': 52, 'Reform': 7}, 'Tend to support': {'All': 33, 'Con': 40, 'Lab': 33, 'Lib Dem': 32, 'Reform': 27}, 'Tend to oppose': {'All': 7, 'Con': 12, 'Lab': 4, 'Lib Dem': 2, 'Reform': 15}, 'Strongly oppose': {'All': 10, 'Con': 16, 'Lab': 2, 'Lib Dem': 3, 'Reform': 37}, ""Don't know"": {'All': 16, 'Con': 14, 'Lab': 8, 'Lib Dem': 11, 'Reform': 14}}","{'All': {'support': 34, 'oppose': 10}, 'Con': {'support': 19, 'oppose': 16}, 'Lab': {'support': 53, 'oppose': 2}, 'Lib Dem': {'support': 52, 'oppose': 3}, 'Reform': {'support': 7, 'oppose': 37}}",Immigration,Youth mobility scheme with the EU,"The U.K. SHOULD negotiate a deal with the EU allowing people aged 18-30 to live, work or study in EU countries for up to four years, with EU citizens of the same age having reciprocal rights in the UK."
"Supervised injection facilities are centres that provide a sterile environment in which people who are addicted to drugs are provided with clean injecting equipment, a place to dispose of injecting equipment, with medical staff on hand to supervise consumption of drugs in case of overdose. Would you support or oppose the establishment of supervised injection facilities in the UK?",https://yougov.co.uk/topics/health/survey-results/daily/2024/08/22/a8e0c/1,Conducted 22 August 2024,5516,"{'Strongly support': {'All': 22, 'Con': 13, 'Lab': 29, 'Lib Dem': 28, 'Reform': 13}, 'Somewhat support': {'All': 39, 'Con': 44, 'Lab': 43, 'Lib Dem': 49, 'Reform': 31}, 'Somewhat oppose': {'All': 12, 'Con': 12, 'Lab': 11, 'Lib Dem': 8, 'Reform': 13}, 'Strongly oppose': {'All': 12, 'Con': 15, 'Lab': 6, 'Lib Dem': 5, 'Reform': 25}, ""Don't know"": {'All': 16, 'Con': 17, 'Lab': 11, 'Lib Dem': 10, 'Reform': 17}}","{'All': {'support': 61, 'oppose': 24}, 'Con': {'support': 57, 'oppose': 27}, 'Lab': {'support': 72, 'oppose': 17}, 'Lib Dem': {'support': 77, 'oppose': 13}, 'Reform': {'support': 44, 'oppose': 38}}",Health,Supervised drug consumption facilities,"The U.K. SHOULD establish supervised injection facilities where people with drug addictions can consume drugs in a sterile environment with clean equipment, proper disposal, and medical supervision to prevent overdoses."
